{
  "project_info": {
    "project_number": "277564306664",
    "project_id": "far-home-e0d0e",
    "storage_bucket": "far-home-e0d0e.appspot.com"
  },
  "client": [
    {
      "client_info": {
        "mobilesdk_app_id": "1:277564306664:android:da048cc911269dbdd1455d",
        "android_client_info": {
          "package_name": "com.example.far_home"
        }
      },
      "oauth_client": [
        {
          "client_id": "277564306664-ced12rbq0hrl0o3pfu117jipspieu0fm.apps.googleusercontent.com",
          "client_type": 3
        }
      ],
      "api_key": [
        {
          "current_key": "AIzaSyAR1rw-VLx86tFsoWQFnazYMnAYW3zhdCk"
        }
      ],
      "services": {
        "appinvite_service": {
          "other_platform_oauth_client": [
            {
              "client_id": "277564306664-ced12rbq0hrl0o3pfu117jipspieu0fm.apps.googleusercontent.com",
              "client_type": 3
            }
          ]
        }
      }
    }
  ],
  "configuration_version": "1"
}